round,condition_type,agent_step,terminated,reason,search_depth,region,old_color,new_color,n_conflict_edges_before,n_conflict_edges_after,conflict_delta,conflict_regions_before,selected_found_solution_within_depth,planning_depth_used,tree_iterations_used,pruning_thresh,lapse_rate,selected_by_lapse,expanded_root_children,improved_conflicts
1,requires_nonconflict_region,0,False,,0,12,3,1,11,7,-4,3 7 8 12 13 15 20 26 30 31 32 34 44,False,4,20,0,0.3,False,2,True
1,requires_nonconflict_region,1,False,,0,2,3,2,7,5,-2,3 7 8 12 15 26 30 31 32 34 44,False,4,20,0,0.3,True,4,True
1,requires_nonconflict_region,2,False,,0,33,2,0,5,3,-2,8 12 26 30 31 32 34 44,True,4,20,0,0.3,True,3,True
1,requires_nonconflict_region,3,False,,0,25,3,0,3,1,-2,8 26 31 32 44,True,4,20,0,0.3,True,2,True
1,requires_nonconflict_region,4,False,,1,23,3,2,1,1,0,32 44,True,4,20,0,0.3,False,1,False
1,requires_nonconflict_region,5,False,,0,31,0,3,1,0,-1,32 44,True,4,20,0,0.3,True,2,True
2,requires_nonconflict_region,0,False,,0,26,2,0,4,2,-2,5 21 22 27 30 44,True,4,20,0,0.3,False,1,True
2,requires_nonconflict_region,1,False,,0,43,0,1,2,1,-1,21 22 30 44,True,4,20,0,0.3,True,2,True
2,requires_nonconflict_region,2,False,,1,14,3,1,1,1,0,21 22,True,4,20,0,0.3,False,3,False
2,requires_nonconflict_region,3,False,,0,20,2,3,1,0,-1,21 22,True,4,20,0,0.3,True,1,True
3,requires_nonconflict_region,0,False,,0,9,1,0,6,4,-2,2 10 18 22 24 25 26 36 43,True,4,20,0,0.3,False,3,True
3,requires_nonconflict_region,1,False,,0,25,0,1,4,2,-2,2 18 22 24 26 43,True,4,20,0,0.3,False,1,True
3,requires_nonconflict_region,2,False,,1,19,1,0,2,2,0,2 22 43,True,4,20,0,0.3,False,1,False
3,requires_nonconflict_region,3,False,,0,1,2,1,2,0,-2,2 22 43,True,4,20,0,0.3,True,1,True
4,requires_nonconflict_region,0,False,,0,43,2,3,4,2,-2,8 12 20 24 28 38 44,True,4,20,0,0.3,True,1,True
4,requires_nonconflict_region,1,False,,0,27,3,0,2,1,-1,12 20 28 38,True,4,20,0,0.3,True,2,True
4,requires_nonconflict_region,2,False,,1,3,2,3,1,1,0,12 20,True,4,20,0,0.3,True,1,False
4,requires_nonconflict_region,3,False,,0,11,1,2,1,0,-1,12 20,True,4,20,0,0.3,False,2,True
5,requires_nonconflict_region,0,False,,0,15,1,2,3,2,-1,5 16 21 32 37 40,False,4,20,0,0.3,False,3,True
5,requires_nonconflict_region,1,False,,0,39,3,1,2,1,-1,5 21 32 40,True,4,20,0,0.3,False,1,True
5,requires_nonconflict_region,2,False,,1,21,1,2,1,1,0,5 32,True,4,20,0,0.3,False,9,False
5,requires_nonconflict_region,3,False,,3,2,0,2,1,1,0,5 32,False,4,20,0,0.3,True,8,False
5,requires_nonconflict_region,4,False,,2,41,2,3,1,1,0,5 32,True,4,20,0,0.3,False,9,False
5,requires_nonconflict_region,5,False,,1,6,1,2,1,1,0,5 32,True,4,20,0,0.3,False,1,False
5,requires_nonconflict_region,6,False,,0,31,3,1,1,0,-1,5 32,True,4,20,0,0.3,True,1,True
6,requires_adjacent_nonconflict_pair,0,False,,0,10,1,3,8,5,-3,3 5 11 12 13 21 24 29 30 40,False,4,20,0,0.3,False,1,True
6,requires_adjacent_nonconflict_pair,1,False,,0,29,0,1,5,3,-2,3 5 12 21 24 29 30 40,False,4,20,0,0.3,False,1,True
6,requires_adjacent_nonconflict_pair,2,False,,0,23,1,2,3,2,-1,3 5 12 21 24,False,4,20,0,0.3,False,1,True
6,requires_adjacent_nonconflict_pair,3,False,,1,21,0,2,2,2,0,3 5 12 21,False,4,20,0,0.3,False,1,False
6,requires_adjacent_nonconflict_pair,4,False,,0,4,1,0,2,1,-1,3 5 12 21,False,4,20,0,0.3,False,1,True
6,requires_adjacent_nonconflict_pair,5,False,,3,8,1,2,1,1,0,3 12,False,4,20,0,0.3,False,6,False
6,requires_adjacent_nonconflict_pair,6,False,,2,25,3,1,1,1,0,3 12,False,4,20,0,0.3,False,9,False
6,requires_adjacent_nonconflict_pair,7,False,,2,36,0,3,1,1,0,3 12,False,4,20,0,0.3,True,9,False
6,requires_adjacent_nonconflict_pair,8,False,,1,18,0,3,1,1,0,3 12,True,4,20,0,0.3,False,8,False
6,requires_adjacent_nonconflict_pair,9,False,,4,1,0,3,1,1,0,3 12,True,4,20,0,0.3,True,9,False
6,requires_adjacent_nonconflict_pair,10,False,,1,19,2,0,1,1,0,3 12,True,4,20,0,0.3,False,9,False
6,requires_adjacent_nonconflict_pair,11,False,,1,10,3,2,1,1,0,3 12,True,4,20,0,0.3,False,1,False
6,requires_adjacent_nonconflict_pair,12,False,,0,11,1,3,1,0,-1,3 12,True,4,20,0,0.3,False,1,True
7,requires_adjacent_nonconflict_pair,0,False,,0,33,3,2,6,4,-2,5 11 17 20 21 29 34 38 43,False,4,20,0,0.3,True,2,True
7,requires_adjacent_nonconflict_pair,1,False,,0,42,0,3,4,2,-2,5 11 17 20 38 43,True,4,20,0,0.3,True,1,True
7,requires_adjacent_nonconflict_pair,2,False,,4,14,1,0,2,2,0,17 20 38,True,4,20,0,0.3,True,8,False
7,requires_adjacent_nonconflict_pair,3,False,,5,40,0,1,2,2,0,17 20 38,True,4,20,0,0.3,True,8,False
7,requires_adjacent_nonconflict_pair,4,False,,1,9,0,1,2,2,0,17 20 38,True,4,20,0,0.3,False,8,False
7,requires_adjacent_nonconflict_pair,5,False,,1,17,3,0,2,2,0,17 20 38,True,4,20,0,0.3,False,1,False
7,requires_adjacent_nonconflict_pair,6,False,,0,19,2,3,2,0,-2,17 20 38,True,4,20,0,0.3,True,1,True
8,requires_adjacent_nonconflict_pair,0,False,,0,35,0,2,5,3,-2,4 7 15 19 22 28 32 36 40,False,4,20,0,0.3,False,1,True
8,requires_adjacent_nonconflict_pair,1,False,,0,14,0,1,3,2,-1,4 7 15 22 28 32,False,4,20,0,0.3,False,4,True
8,requires_adjacent_nonconflict_pair,2,False,,0,27,1,2,2,1,-1,4 7 22 28,True,4,20,0,0.3,False,1,True
8,requires_adjacent_nonconflict_pair,3,False,,2,13,3,0,1,1,0,4 7,True,4,20,0,0.3,False,6,False
8,requires_adjacent_nonconflict_pair,4,False,,1,5,2,3,1,1,0,4 7,True,4,20,0,0.3,True,1,False
8,requires_adjacent_nonconflict_pair,5,False,,0,3,1,2,1,0,-1,4 7,True,4,20,0,0.3,False,1,True
9,requires_adjacent_nonconflict_pair,0,False,,0,13,2,1,8,5,-3,2 13 14 15 16 25 26 28 29 38 39 43,False,4,20,0,0.3,False,2,True
9,requires_adjacent_nonconflict_pair,1,False,,0,12,2,3,5,4,-1,2 13 15 25 26 29 38 39,False,4,20,0,0.3,False,1,True
9,requires_adjacent_nonconflict_pair,2,False,,1,42,2,3,4,4,0,2 15 25 26 38 39,False,4,20,0,0.3,True,3,False
9,requires_adjacent_nonconflict_pair,3,False,,0,25,0,2,4,3,-1,2 15 25 26 38 39,False,4,20,0,0.3,False,1,True
9,requires_adjacent_nonconflict_pair,4,False,,1,18,3,0,3,3,0,2 15 25 38 39,False,4,20,0,0.3,False,1,False
9,requires_adjacent_nonconflict_pair,5,False,,0,1,2,3,3,2,-1,2 15 25 38 39,False,4,20,0,0.3,False,1,True
9,requires_adjacent_nonconflict_pair,6,False,,2,2,1,0,2,2,0,15 25 38 39,False,4,20,0,0.3,False,8,False
9,requires_adjacent_nonconflict_pair,7,False,,2,6,2,3,2,2,0,15 25 38 39,False,4,20,0,0.3,False,9,False
9,requires_adjacent_nonconflict_pair,8,False,,2,9,0,2,2,2,0,15 25 38 39,False,4,20,0,0.3,False,11,False
9,requires_adjacent_nonconflict_pair,9,False,,1,36,1,0,2,2,0,15 25 38 39,False,4,20,0,0.3,False,11,False
9,requires_adjacent_nonconflict_pair,10,False,,1,7,3,1,2,2,0,15 25 38 39,False,4,20,0,0.3,False,13,False
9,requires_adjacent_nonconflict_pair,11,False,,1,7,1,3,2,2,0,15 25 38 39,False,4,20,0,0.3,False,10,False
9,requires_adjacent_nonconflict_pair,12,False,,1,7,3,1,2,2,0,15 25 38 39,False,4,20,0,0.3,False,13,False
9,requires_adjacent_nonconflict_pair,13,False,,1,7,1,3,2,2,0,15 25 38 39,False,4,20,0,0.3,False,10,False
9,requires_adjacent_nonconflict_pair,14,False,,2,9,2,1,2,2,0,15 25 38 39,False,4,20,0,0.3,True,13,False
9,requires_adjacent_nonconflict_pair,15,False,,2,18,0,2,2,2,0,15 25 38 39,False,4,20,0,0.3,True,11,False
9,requires_adjacent_nonconflict_pair,16,False,,2,9,1,2,2,2,0,15 25 38 39,False,4,20,0,0.3,False,10,False
9,requires_adjacent_nonconflict_pair,17,False,,1,7,3,1,2,2,0,15 25 38 39,False,4,20,0,0.3,False,13,False
9,requires_adjacent_nonconflict_pair,18,False,,1,7,1,3,2,2,0,15 25 38 39,False,4,20,0,0.3,False,10,False
9,requires_adjacent_nonconflict_pair,19,False,,2,30,1,0,2,2,0,15 25 38 39,False,4,20,0,0.3,True,13,False
9,requires_adjacent_nonconflict_pair,20,False,,1,7,3,1,2,2,0,15 25 38 39,False,4,20,0,0.3,False,14,False
9,requires_adjacent_nonconflict_pair,21,False,,1,7,1,3,2,2,0,15 25 38 39,False,4,20,0,0.3,False,11,False
9,requires_adjacent_nonconflict_pair,22,False,,1,7,3,1,2,2,0,15 25 38 39,False,4,20,0,0.3,False,14,False
9,requires_adjacent_nonconflict_pair,23,False,,1,7,1,3,2,2,0,15 25 38 39,False,4,20,0,0.3,False,11,False
9,requires_adjacent_nonconflict_pair,24,False,,2,30,0,1,2,2,0,15 25 38 39,False,4,20,0,0.3,True,14,False
9,requires_adjacent_nonconflict_pair,25,False,,1,7,3,1,2,2,0,15 25 38 39,False,4,20,0,0.3,False,13,False
9,requires_adjacent_nonconflict_pair,26,False,,1,7,1,3,2,2,0,15 25 38 39,False,4,20,0,0.3,False,10,False
9,requires_adjacent_nonconflict_pair,27,False,,1,7,3,1,2,2,0,15 25 38 39,False,4,20,0,0.3,False,13,False
9,requires_adjacent_nonconflict_pair,28,False,,2,6,3,1,2,2,0,15 25 38 39,False,4,20,0,0.3,True,10,False
9,requires_adjacent_nonconflict_pair,29,False,,2,18,2,0,2,2,0,15 25 38 39,False,4,20,0,0.3,True,11,False
9,requires_adjacent_nonconflict_pair,30,False,,1,7,1,3,2,2,0,15 25 38 39,False,4,20,0,0.3,False,11,False
9,requires_adjacent_nonconflict_pair,31,False,,4,40,1,3,2,2,0,15 25 38 39,False,4,20,0,0.3,True,11,False
9,requires_adjacent_nonconflict_pair,32,False,,2,30,1,0,2,2,0,15 25 38 39,False,4,20,0,0.3,True,10,False
9,requires_adjacent_nonconflict_pair,33,False,,3,12,3,1,2,2,0,15 25 38 39,False,4,20,0,0.3,True,11,False
9,requires_adjacent_nonconflict_pair,34,False,,1,7,3,1,2,2,0,15 25 38 39,False,4,20,0,0.3,False,10,False
9,requires_adjacent_nonconflict_pair,35,False,,1,7,1,3,2,2,0,15 25 38 39,False,4,20,0,0.3,False,11,False
9,requires_adjacent_nonconflict_pair,36,False,,1,7,3,1,2,2,0,15 25 38 39,False,4,20,0,0.3,False,10,False
9,requires_adjacent_nonconflict_pair,37,False,,4,16,2,1,2,2,0,15 25 38 39,False,4,20,0,0.3,True,11,False
9,requires_adjacent_nonconflict_pair,38,False,,1,7,1,3,2,2,0,15 25 38 39,False,4,20,0,0.3,False,10,False
9,requires_adjacent_nonconflict_pair,39,False,,1,7,3,1,2,2,0,15 25 38 39,False,4,20,0,0.3,False,9,False
9,requires_adjacent_nonconflict_pair,40,False,,1,7,1,3,2,2,0,15 25 38 39,False,4,20,0,0.3,False,10,False
9,requires_adjacent_nonconflict_pair,41,False,,1,7,3,1,2,2,0,15 25 38 39,False,4,20,0,0.3,False,9,False
9,requires_adjacent_nonconflict_pair,42,False,,1,7,1,3,2,2,0,15 25 38 39,False,4,20,0,0.3,False,10,False
9,requires_adjacent_nonconflict_pair,43,False,,1,7,3,1,2,2,0,15 25 38 39,False,4,20,0,0.3,False,9,False
9,requires_adjacent_nonconflict_pair,44,False,,1,7,1,3,2,2,0,15 25 38 39,False,4,20,0,0.3,False,10,False
9,requires_adjacent_nonconflict_pair,45,False,,1,7,3,1,2,2,0,15 25 38 39,False,4,20,0,0.3,False,9,False
9,requires_adjacent_nonconflict_pair,46,False,,1,7,1,3,2,2,0,15 25 38 39,False,4,20,0,0.3,False,10,False
9,requires_adjacent_nonconflict_pair,47,False,,1,7,3,1,2,2,0,15 25 38 39,False,4,20,0,0.3,False,9,False
9,requires_adjacent_nonconflict_pair,48,False,,1,7,1,3,2,2,0,15 25 38 39,False,4,20,0,0.3,False,10,False
9,requires_adjacent_nonconflict_pair,49,False,,1,7,3,1,2,2,0,15 25 38 39,False,4,20,0,0.3,False,9,False
9,requires_adjacent_nonconflict_pair,50,False,,2,18,0,2,2,2,0,15 25 38 39,False,4,20,0,0.3,True,10,False
9,requires_adjacent_nonconflict_pair,51,False,,1,7,1,3,2,2,0,15 25 38 39,False,4,20,0,0.3,False,10,False
9,requires_adjacent_nonconflict_pair,52,False,,1,7,3,1,2,2,0,15 25 38 39,False,4,20,0,0.3,True,9,False
9,requires_adjacent_nonconflict_pair,53,False,,5,43,0,1,2,2,0,15 25 38 39,False,4,20,0,0.3,True,10,False
9,requires_adjacent_nonconflict_pair,54,False,,2,6,1,3,2,2,0,15 25 38 39,False,4,20,0,0.3,True,11,False
9,requires_adjacent_nonconflict_pair,55,False,,1,7,1,3,2,2,0,15 25 38 39,False,4,20,0,0.3,False,10,False
9,requires_adjacent_nonconflict_pair,56,False,,1,7,3,1,2,2,0,15 25 38 39,False,4,20,0,0.3,False,12,False
9,requires_adjacent_nonconflict_pair,57,False,,2,30,0,1,2,2,0,15 25 38 39,False,4,20,0,0.3,True,10,False
9,requires_adjacent_nonconflict_pair,58,False,,1,7,1,3,2,2,0,15 25 38 39,False,4,20,0,0.3,False,9,False
9,requires_adjacent_nonconflict_pair,59,False,,2,18,2,0,2,2,0,15 25 38 39,False,4,20,0,0.3,True,11,False
9,requires_adjacent_nonconflict_pair,60,False,,1,7,3,1,2,2,0,15 25 38 39,False,4,20,0,0.3,False,11,False
9,requires_adjacent_nonconflict_pair,61,False,,1,7,1,3,2,2,0,15 25 38 39,False,4,20,0,0.3,False,9,False
9,requires_adjacent_nonconflict_pair,62,False,,1,7,3,1,2,2,0,15 25 38 39,False,4,20,0,0.3,False,11,False
9,requires_adjacent_nonconflict_pair,63,False,,4,17,2,0,2,2,0,15 25 38 39,False,4,20,0,0.3,True,9,False
9,requires_adjacent_nonconflict_pair,64,False,,1,7,1,3,2,2,0,15 25 38 39,False,4,20,0,0.3,False,11,False
9,requires_adjacent_nonconflict_pair,65,False,,1,7,3,1,2,2,0,15 25 38 39,False,4,20,0,0.3,False,13,False
9,requires_adjacent_nonconflict_pair,66,False,,1,7,1,3,2,2,0,15 25 38 39,False,4,20,0,0.3,False,11,False
9,requires_adjacent_nonconflict_pair,67,False,,1,36,0,1,2,2,0,15 25 38 39,False,4,20,0,0.3,True,13,False
9,requires_adjacent_nonconflict_pair,68,False,,1,36,1,0,2,2,0,15 25 38 39,False,4,20,0,0.3,False,11,False
9,requires_adjacent_nonconflict_pair,69,False,,1,7,3,1,2,2,0,15 25 38 39,False,4,20,0,0.3,False,13,False
9,requires_adjacent_nonconflict_pair,70,False,,1,7,1,3,2,2,0,15 25 38 39,False,4,20,0,0.3,False,11,False
9,requires_adjacent_nonconflict_pair,71,False,,1,7,3,1,2,2,0,15 25 38 39,False,4,20,0,0.3,False,13,False
9,requires_adjacent_nonconflict_pair,72,False,,1,7,1,3,2,2,0,15 25 38 39,False,4,20,0,0.3,False,11,False
9,requires_adjacent_nonconflict_pair,73,False,,3,39,1,2,2,2,0,15 25 38 39,False,4,20,0,0.3,True,13,False
9,requires_adjacent_nonconflict_pair,74,False,,1,7,3,1,2,2,0,15 25 38 39,False,4,20,0,0.3,False,11,False
9,requires_adjacent_nonconflict_pair,75,False,,1,7,1,3,2,2,0,15 25 38 39,False,4,20,0,0.3,False,9,False
9,requires_adjacent_nonconflict_pair,76,False,,1,7,3,1,2,2,0,15 25 38 39,False,4,20,0,0.3,False,11,False
9,requires_adjacent_nonconflict_pair,77,False,,1,7,1,3,2,2,0,15 25 38 39,False,4,20,0,0.3,False,9,False
9,requires_adjacent_nonconflict_pair,78,False,,5,43,1,2,2,2,0,15 25 38 39,False,4,20,0,0.3,True,11,False
9,requires_adjacent_nonconflict_pair,79,False,,1,7,3,1,2,2,0,15 25 38 39,False,4,20,0,0.3,False,11,False
9,requires_adjacent_nonconflict_pair,80,False,,1,7,1,3,2,2,0,15 25 38 39,False,4,20,0,0.3,False,9,False
9,requires_adjacent_nonconflict_pair,81,False,,2,30,1,0,2,2,0,15 25 38 39,False,4,20,0,0.3,True,11,False
9,requires_adjacent_nonconflict_pair,82,False,,1,7,3,1,2,2,0,15 25 38 39,False,4,20,0,0.3,False,12,False
9,requires_adjacent_nonconflict_pair,83,False,,1,7,1,3,2,2,0,15 25 38 39,False,4,20,0,0.3,False,10,False
9,requires_adjacent_nonconflict_pair,84,False,,3,22,3,1,2,2,0,15 25 38 39,False,4,20,0,0.3,True,12,False
9,requires_adjacent_nonconflict_pair,85,False,,1,7,3,1,2,2,0,15 25 38 39,False,4,20,0,0.3,False,14,False
9,requires_adjacent_nonconflict_pair,86,False,,1,7,1,3,2,2,0,15 25 38 39,False,4,20,0,0.3,False,12,False
9,requires_adjacent_nonconflict_pair,87,False,,4,16,1,2,2,2,0,15 25 38 39,False,4,20,0,0.3,True,14,False
9,requires_adjacent_nonconflict_pair,88,False,,1,7,3,1,2,2,0,15 25 38 39,False,4,20,0,0.3,False,17,False
9,requires_adjacent_nonconflict_pair,89,False,,1,7,1,3,2,2,0,15 25 38 39,False,4,20,0,0.3,False,15,False
9,requires_adjacent_nonconflict_pair,90,False,,3,4,0,3,2,2,0,15 25 38 39,False,4,20,0,0.3,True,17,False
9,requires_adjacent_nonconflict_pair,91,False,,1,7,3,1,2,2,0,15 25 38 39,False,4,20,0,0.3,False,17,False
9,requires_adjacent_nonconflict_pair,92,False,,1,7,1,3,2,2,0,15 25 38 39,False,4,20,0,0.3,False,15,False
9,requires_adjacent_nonconflict_pair,93,False,,5,43,2,1,2,2,0,15 25 38 39,False,4,20,0,0.3,True,17,False
9,requires_adjacent_nonconflict_pair,94,False,,1,7,3,1,2,2,0,15 25 38 39,False,4,20,0,0.3,False,16,False
9,requires_adjacent_nonconflict_pair,95,False,,1,7,1,3,2,2,0,15 25 38 39,False,4,20,0,0.3,False,14,False
9,requires_adjacent_nonconflict_pair,96,False,,1,7,3,1,2,2,0,15 25 38 39,False,4,20,0,0.3,False,16,False
9,requires_adjacent_nonconflict_pair,97,False,,1,7,1,3,2,2,0,15 25 38 39,False,4,20,0,0.3,False,14,False
9,requires_adjacent_nonconflict_pair,98,False,,1,7,3,1,2,2,0,15 25 38 39,False,4,20,0,0.3,False,16,False
9,requires_adjacent_nonconflict_pair,99,False,,3,31,0,1,2,2,0,15 25 38 39,False,4,20,0,0.3,True,14,False
9,requires_adjacent_nonconflict_pair,100,False,,1,7,1,3,2,2,0,15 25 38 39,False,4,20,0,0.3,False,12,False
9,requires_adjacent_nonconflict_pair,101,False,,1,7,3,1,2,2,0,15 25 38 39,False,4,20,0,0.3,False,14,False
9,requires_adjacent_nonconflict_pair,102,False,,1,7,1,3,2,2,0,15 25 38 39,False,4,20,0,0.3,False,12,False
9,requires_adjacent_nonconflict_pair,103,False,,1,7,3,1,2,2,0,15 25 38 39,False,4,20,0,0.3,False,14,False
9,requires_adjacent_nonconflict_pair,104,False,,1,7,1,3,2,2,0,15 25 38 39,False,4,20,0,0.3,False,12,False
9,requires_adjacent_nonconflict_pair,105,False,,1,7,3,1,2,2,0,15 25 38 39,False,4,20,0,0.3,False,14,False
9,requires_adjacent_nonconflict_pair,106,False,,2,15,2,0,2,2,0,15 25 38 39,False,4,20,0,0.3,True,12,False
9,requires_adjacent_nonconflict_pair,107,False,,1,7,1,3,2,2,0,15 25 38 39,False,4,20,0,0.3,False,11,False
9,requires_adjacent_nonconflict_pair,108,False,,1,7,3,1,2,2,0,15 25 38 39,False,4,20,0,0.3,False,13,False
9,requires_adjacent_nonconflict_pair,109,False,,1,7,1,3,2,2,0,15 25 38 39,False,4,20,0,0.3,False,11,False
9,requires_adjacent_nonconflict_pair,110,False,,1,7,3,1,2,2,0,15 25 38 39,False,4,20,0,0.3,False,13,False
9,requires_adjacent_nonconflict_pair,111,False,,1,7,1,3,2,2,0,15 25 38 39,False,4,20,0,0.3,False,11,False
9,requires_adjacent_nonconflict_pair,112,False,,3,31,1,0,2,2,0,15 25 38 39,False,4,20,0,0.3,True,13,False
9,requires_adjacent_nonconflict_pair,113,False,,1,7,3,1,2,2,0,15 25 38 39,False,4,20,0,0.3,False,15,False
9,requires_adjacent_nonconflict_pair,114,False,,1,7,1,3,2,2,0,15 25 38 39,False,4,20,0,0.3,False,13,False
9,requires_adjacent_nonconflict_pair,115,False,,1,7,3,1,2,2,0,15 25 38 39,False,4,20,0,0.3,False,15,False
9,requires_adjacent_nonconflict_pair,116,False,,3,12,1,3,2,2,0,15 25 38 39,False,4,20,0,0.3,True,13,False
9,requires_adjacent_nonconflict_pair,117,False,,1,7,1,3,2,2,0,15 25 38 39,False,4,20,0,0.3,False,13,False
9,requires_adjacent_nonconflict_pair,118,False,,1,7,3,1,2,2,0,15 25 38 39,False,4,20,0,0.3,False,16,False
9,requires_adjacent_nonconflict_pair,119,False,,1,7,1,3,2,2,0,15 25 38 39,False,4,20,0,0.3,False,13,False
9,requires_adjacent_nonconflict_pair,120,False,,3,21,1,2,2,2,0,15 25 38 39,False,4,20,0,0.3,True,16,False
9,requires_adjacent_nonconflict_pair,121,False,,3,39,2,1,2,2,0,15 25 38 39,False,4,20,0,0.3,True,15,False
9,requires_adjacent_nonconflict_pair,122,False,,1,7,3,1,2,2,0,15 25 38 39,False,4,20,0,0.3,False,14,False
9,requires_adjacent_nonconflict_pair,123,False,,1,7,1,3,2,2,0,15 25 38 39,False,4,20,0,0.3,False,11,False
9,requires_adjacent_nonconflict_pair,124,False,,1,7,3,1,2,2,0,15 25 38 39,False,4,20,0,0.3,False,14,False
9,requires_adjacent_nonconflict_pair,125,False,,1,7,1,3,2,2,0,15 25 38 39,False,4,20,0,0.3,False,11,False
9,requires_adjacent_nonconflict_pair,126,False,,2,2,0,1,2,2,0,15 25 38 39,False,4,20,0,0.3,True,14,False
9,requires_adjacent_nonconflict_pair,127,False,,4,16,2,1,2,2,0,15 25 38 39,False,4,20,0,0.3,True,12,False
9,requires_adjacent_nonconflict_pair,128,False,,1,36,0,1,2,2,0,15 25 38 39,False,4,20,0,0.3,False,12,False
9,requires_adjacent_nonconflict_pair,129,False,,1,7,3,0,2,2,0,15 25 38 39,False,4,20,0,0.3,False,12,False
9,requires_adjacent_nonconflict_pair,130,False,,4,35,3,2,2,2,0,15 25 38 39,False,4,20,0,0.3,True,9,False
9,requires_adjacent_nonconflict_pair,131,False,,1,7,0,3,2,2,0,15 25 38 39,False,4,20,0,0.3,False,8,False
9,requires_adjacent_nonconflict_pair,132,False,,1,7,3,0,2,2,0,15 25 38 39,False,4,20,0,0.3,False,11,False
9,requires_adjacent_nonconflict_pair,133,False,,1,7,0,3,2,2,0,15 25 38 39,False,4,20,0,0.3,False,8,False
9,requires_adjacent_nonconflict_pair,134,False,,1,7,3,0,2,2,0,15 25 38 39,False,4,20,0,0.3,True,11,False
9,requires_adjacent_nonconflict_pair,135,False,,1,7,0,3,2,2,0,15 25 38 39,False,4,20,0,0.3,False,8,False
9,requires_adjacent_nonconflict_pair,136,False,,1,7,3,0,2,2,0,15 25 38 39,False,4,20,0,0.3,False,11,False
9,requires_adjacent_nonconflict_pair,137,False,,2,30,0,3,2,2,0,15 25 38 39,False,4,20,0,0.3,True,8,False
9,requires_adjacent_nonconflict_pair,138,False,,1,7,0,3,2,2,0,15 25 38 39,False,4,20,0,0.3,False,10,False
9,requires_adjacent_nonconflict_pair,139,False,,1,7,3,0,2,2,0,15 25 38 39,False,4,20,0,0.3,False,13,False
9,requires_adjacent_nonconflict_pair,140,False,,1,7,0,3,2,2,0,15 25 38 39,False,4,20,0,0.3,False,10,False
9,requires_adjacent_nonconflict_pair,141,False,,2,18,0,2,2,2,0,15 25 38 39,False,4,20,0,0.3,True,13,False
9,requires_adjacent_nonconflict_pair,142,False,,3,21,2,1,2,2,0,15 25 38 39,False,4,20,0,0.3,True,14,False
9,requires_adjacent_nonconflict_pair,143,False,,3,21,1,2,2,2,0,15 25 38 39,False,4,20,0,0.3,True,15,False
9,requires_adjacent_nonconflict_pair,144,False,,1,7,3,0,2,2,0,15 25 38 39,False,4,20,0,0.3,False,14,False
9,requires_adjacent_nonconflict_pair,145,False,,1,7,0,3,2,2,0,15 25 38 39,False,4,20,0,0.3,False,11,False
9,requires_adjacent_nonconflict_pair,146,False,,1,7,3,0,2,2,0,15 25 38 39,False,4,20,0,0.3,False,14,False
9,requires_adjacent_nonconflict_pair,147,False,,3,21,2,1,2,2,0,15 25 38 39,False,4,20,0,0.3,True,11,False
9,requires_adjacent_nonconflict_pair,148,False,,1,7,0,3,2,2,0,15 25 38 39,False,4,20,0,0.3,False,12,False
9,requires_adjacent_nonconflict_pair,149,False,,1,7,3,0,2,2,0,15 25 38 39,False,4,20,0,0.3,False,15,False
9,requires_adjacent_nonconflict_pair,150,False,,1,7,0,3,2,2,0,15 25 38 39,False,4,20,0,0.3,False,12,False
9,requires_adjacent_nonconflict_pair,151,False,,1,7,3,0,2,2,0,15 25 38 39,False,4,20,0,0.3,False,15,False
9,requires_adjacent_nonconflict_pair,152,False,,1,7,0,3,2,2,0,15 25 38 39,False,4,20,0,0.3,False,12,False
9,requires_adjacent_nonconflict_pair,153,False,,1,7,3,0,2,2,0,15 25 38 39,False,4,20,0,0.3,False,15,False
9,requires_adjacent_nonconflict_pair,154,False,,2,15,0,2,2,2,0,15 25 38 39,False,4,20,0,0.3,True,12,False
9,requires_adjacent_nonconflict_pair,155,False,,1,7,0,3,2,2,0,15 25 38 39,False,4,20,0,0.3,False,13,False
9,requires_adjacent_nonconflict_pair,156,False,,4,35,2,3,2,2,0,15 25 38 39,False,4,20,0,0.3,True,16,False
9,requires_adjacent_nonconflict_pair,157,False,,1,7,3,0,2,2,0,15 25 38 39,False,4,20,0,0.3,False,18,False
9,requires_adjacent_nonconflict_pair,158,False,,1,7,0,3,2,2,0,15 25 38 39,False,4,20,0,0.3,False,15,False
9,requires_adjacent_nonconflict_pair,159,False,,1,7,3,0,2,2,0,15 25 38 39,False,4,20,0,0.3,False,18,False
9,requires_adjacent_nonconflict_pair,160,False,,2,13,1,0,2,2,0,15 25 38 39,False,4,20,0,0.3,True,15,False
9,requires_adjacent_nonconflict_pair,161,False,,1,7,0,3,2,2,0,15 25 38 39,False,4,20,0,0.3,False,12,False
9,requires_adjacent_nonconflict_pair,162,False,,1,7,3,0,2,2,0,15 25 38 39,False,4,20,0,0.3,False,15,False
9,requires_adjacent_nonconflict_pair,163,False,,1,7,0,3,2,2,0,15 25 38 39,False,4,20,0,0.3,False,12,False
9,requires_adjacent_nonconflict_pair,164,False,,1,7,3,0,2,2,0,15 25 38 39,False,4,20,0,0.3,False,15,False
9,requires_adjacent_nonconflict_pair,165,False,,1,7,0,3,2,2,0,15 25 38 39,False,4,20,0,0.3,False,12,False
9,requires_adjacent_nonconflict_pair,166,False,,1,7,3,0,2,2,0,15 25 38 39,False,4,20,0,0.3,False,15,False
9,requires_adjacent_nonconflict_pair,167,False,,1,7,0,3,2,2,0,15 25 38 39,False,4,20,0,0.3,False,12,False
9,requires_adjacent_nonconflict_pair,168,False,,2,32,0,1,2,2,0,15 25 38 39,False,4,20,0,0.3,True,15,False
9,requires_adjacent_nonconflict_pair,169,False,,2,6,3,0,2,2,0,15 25 38 39,False,4,20,0,0.3,True,15,False
9,requires_adjacent_nonconflict_pair,170,False,,2,2,1,0,2,2,0,15 25 38 39,False,4,20,0,0.3,True,12,False
9,requires_adjacent_nonconflict_pair,171,False,,2,2,0,1,2,2,0,15 25 38 39,False,4,20,0,0.3,False,12,False
9,requires_adjacent_nonconflict_pair,172,False,,1,7,3,0,2,2,0,15 25 38 39,False,4,20,0,0.3,False,12,False
9,requires_adjacent_nonconflict_pair,173,False,,1,7,0,3,2,2,0,15 25 38 39,False,4,20,0,0.3,False,12,False
9,requires_adjacent_nonconflict_pair,174,False,,1,7,3,0,2,2,0,15 25 38 39,False,4,20,0,0.3,False,12,False
9,requires_adjacent_nonconflict_pair,175,False,,1,7,0,3,2,2,0,15 25 38 39,False,4,20,0,0.3,False,12,False
9,requires_adjacent_nonconflict_pair,176,False,,1,7,3,0,2,2,0,15 25 38 39,False,4,20,0,0.3,False,12,False
9,requires_adjacent_nonconflict_pair,177,False,,1,7,0,3,2,2,0,15 25 38 39,False,4,20,0,0.3,False,12,False
9,requires_adjacent_nonconflict_pair,178,False,,1,7,3,0,2,2,0,15 25 38 39,False,4,20,0,0.3,False,12,False
9,requires_adjacent_nonconflict_pair,179,False,,1,7,0,3,2,2,0,15 25 38 39,False,4,20,0,0.3,False,12,False
9,requires_adjacent_nonconflict_pair,180,False,,1,7,3,0,2,2,0,15 25 38 39,False,4,20,0,0.3,False,12,False
9,requires_adjacent_nonconflict_pair,181,False,,1,7,0,3,2,2,0,15 25 38 39,False,4,20,0,0.3,False,12,False
9,requires_adjacent_nonconflict_pair,182,False,,1,7,3,0,2,2,0,15 25 38 39,False,4,20,0,0.3,False,12,False
9,requires_adjacent_nonconflict_pair,183,False,,1,7,0,3,2,2,0,15 25 38 39,False,4,20,0,0.3,False,12,False
9,requires_adjacent_nonconflict_pair,184,False,,1,7,3,0,2,2,0,15 25 38 39,False,4,20,0,0.3,False,12,False
9,requires_adjacent_nonconflict_pair,185,False,,1,7,0,3,2,2,0,15 25 38 39,False,4,20,0,0.3,False,12,False
9,requires_adjacent_nonconflict_pair,186,False,,1,7,3,0,2,2,0,15 25 38 39,False,4,20,0,0.3,False,12,False
9,requires_adjacent_nonconflict_pair,187,False,,4,16,1,2,2,2,0,15 25 38 39,False,4,20,0,0.3,True,12,False
9,requires_adjacent_nonconflict_pair,188,False,,1,7,0,3,2,2,0,15 25 38 39,False,4,20,0,0.3,False,12,False
9,requires_adjacent_nonconflict_pair,189,False,,3,39,1,2,2,2,0,15 25 38 39,False,4,20,0,0.3,True,12,False
9,requires_adjacent_nonconflict_pair,190,False,,2,2,1,0,2,2,0,15 25 38 39,False,4,20,0,0.3,True,12,False
9,requires_adjacent_nonconflict_pair,191,False,,2,2,0,1,2,2,0,15 25 38 39,False,4,20,0,0.3,False,12,False
9,requires_adjacent_nonconflict_pair,192,False,,1,7,3,0,2,2,0,15 25 38 39,False,4,20,0,0.3,False,12,False
9,requires_adjacent_nonconflict_pair,193,False,,1,7,0,3,2,2,0,15 25 38 39,False,4,20,0,0.3,False,12,False
9,requires_adjacent_nonconflict_pair,194,False,,1,7,3,0,2,2,0,15 25 38 39,False,4,20,0,0.3,False,12,False
9,requires_adjacent_nonconflict_pair,195,False,,2,30,3,0,2,2,0,15 25 38 39,False,4,20,0,0.3,True,12,False
9,requires_adjacent_nonconflict_pair,196,False,,1,7,0,3,2,2,0,15 25 38 39,False,4,20,0,0.3,False,11,False
9,requires_adjacent_nonconflict_pair,197,False,,1,7,3,0,2,2,0,15 25 38 39,False,4,20,0,0.3,False,11,False
9,requires_adjacent_nonconflict_pair,198,False,,5,43,1,2,2,2,0,15 25 38 39,False,4,20,0,0.3,True,11,False
9,requires_adjacent_nonconflict_pair,199,False,,1,7,0,3,2,2,0,15 25 38 39,False,4,20,0,0.3,False,12,False
9,requires_adjacent_nonconflict_pair,200,False,,2,6,0,3,2,2,0,15 25 38 39,False,4,20,0,0.3,True,12,False
9,requires_adjacent_nonconflict_pair,201,False,,1,7,3,0,2,2,0,15 25 38 39,False,4,20,0,0.3,False,15,False
9,requires_adjacent_nonconflict_pair,202,False,,2,6,3,0,2,2,0,15 25 38 39,False,4,20,0,0.3,True,12,False
9,requires_adjacent_nonconflict_pair,203,False,,1,7,0,3,2,2,0,15 25 38 39,False,4,20,0,0.3,False,12,False
9,requires_adjacent_nonconflict_pair,204,False,,1,7,3,0,2,2,0,15 25 38 39,False,4,20,0,0.3,False,12,False
9,requires_adjacent_nonconflict_pair,205,False,,1,7,0,3,2,2,0,15 25 38 39,False,4,20,0,0.3,False,12,False
9,requires_adjacent_nonconflict_pair,206,False,,1,7,3,0,2,2,0,15 25 38 39,False,4,20,0,0.3,False,12,False
9,requires_adjacent_nonconflict_pair,207,False,,3,31,0,1,2,2,0,15 25 38 39,False,4,20,0,0.3,True,12,False
9,requires_adjacent_nonconflict_pair,208,False,,1,7,0,3,2,2,0,15 25 38 39,False,4,20,0,0.3,False,10,False
9,requires_adjacent_nonconflict_pair,209,False,,1,7,3,0,2,2,0,15 25 38 39,False,4,20,0,0.3,False,10,False
9,requires_adjacent_nonconflict_pair,210,False,,1,7,0,3,2,2,0,15 25 38 39,False,4,20,0,0.3,False,10,False
9,requires_adjacent_nonconflict_pair,211,False,,1,7,3,0,2,2,0,15 25 38 39,False,4,20,0,0.3,False,10,False
9,requires_adjacent_nonconflict_pair,212,False,,2,30,0,3,2,2,0,15 25 38 39,False,4,20,0,0.3,True,10,False
9,requires_adjacent_nonconflict_pair,213,False,,3,31,1,0,2,2,0,15 25 38 39,False,4,20,0,0.3,True,11,False
9,requires_adjacent_nonconflict_pair,214,False,,1,7,0,3,2,2,0,15 25 38 39,False,4,20,0,0.3,False,13,False
9,requires_adjacent_nonconflict_pair,215,False,,1,7,3,0,2,2,0,15 25 38 39,False,4,20,0,0.3,False,13,False
9,requires_adjacent_nonconflict_pair,216,False,,1,7,0,3,2,2,0,15 25 38 39,False,4,20,0,0.3,False,13,False
9,requires_adjacent_nonconflict_pair,217,False,,1,7,3,0,2,2,0,15 25 38 39,False,4,20,0,0.3,False,13,False
9,requires_adjacent_nonconflict_pair,218,False,,2,6,0,3,2,2,0,15 25 38 39,False,4,20,0,0.3,True,13,False
9,requires_adjacent_nonconflict_pair,219,False,,5,43,2,1,2,2,0,15 25 38 39,False,4,20,0,0.3,True,13,False
9,requires_adjacent_nonconflict_pair,220,False,,2,6,3,0,2,2,0,15 25 38 39,False,4,20,0,0.3,True,12,False
9,requires_adjacent_nonconflict_pair,221,False,,2,30,3,0,2,2,0,15 25 38 39,False,4,20,0,0.3,True,12,False
9,requires_adjacent_nonconflict_pair,222,False,,2,9,2,3,2,2,0,15 25 38 39,False,4,20,0,0.3,True,11,False
9,requires_adjacent_nonconflict_pair,223,False,,2,30,0,3,2,2,0,15 25 38 39,False,4,20,0,0.3,True,9,False
9,requires_adjacent_nonconflict_pair,224,False,,2,9,3,2,2,2,0,15 25 38 39,False,4,20,0,0.3,False,10,False
9,requires_adjacent_nonconflict_pair,225,False,,1,7,0,3,2,2,0,15 25 38 39,False,4,20,0,0.3,False,12,False
9,requires_adjacent_nonconflict_pair,226,False,,1,7,3,0,2,2,0,15 25 38 39,False,4,20,0,0.3,False,12,False
9,requires_adjacent_nonconflict_pair,227,False,,1,7,0,3,2,2,0,15 25 38 39,False,4,20,0,0.3,False,12,False
9,requires_adjacent_nonconflict_pair,228,False,,1,7,3,0,2,2,0,15 25 38 39,False,4,20,0,0.3,False,12,False
9,requires_adjacent_nonconflict_pair,229,False,,1,7,0,3,2,2,0,15 25 38 39,False,4,20,0,0.3,False,12,False
9,requires_adjacent_nonconflict_pair,230,False,,1,7,3,0,2,2,0,15 25 38 39,False,4,20,0,0.3,False,12,False
9,requires_adjacent_nonconflict_pair,231,False,,1,7,0,3,2,2,0,15 25 38 39,False,4,20,0,0.3,False,12,False
9,requires_adjacent_nonconflict_pair,232,False,,1,7,3,0,2,2,0,15 25 38 39,False,4,20,0,0.3,False,12,False
9,requires_adjacent_nonconflict_pair,233,False,,5,43,1,2,2,2,0,15 25 38 39,False,4,20,0,0.3,True,12,False
9,requires_adjacent_nonconflict_pair,234,False,,2,6,0,3,2,2,0,15 25 38 39,False,4,20,0,0.3,True,13,False
9,requires_adjacent_nonconflict_pair,235,False,,1,7,0,3,2,2,0,15 25 38 39,False,4,20,0,0.3,True,13,False
9,requires_adjacent_nonconflict_pair,236,False,,1,7,3,0,2,2,0,15 25 38 39,False,4,20,0,0.3,False,16,False
9,requires_adjacent_nonconflict_pair,237,False,,1,7,0,3,2,2,0,15 25 38 39,False,4,20,0,0.3,False,13,False
9,requires_adjacent_nonconflict_pair,238,False,,2,30,3,0,2,2,0,15 25 38 39,False,4,20,0,0.3,True,16,False
9,requires_adjacent_nonconflict_pair,239,False,,4,40,3,1,2,2,0,15 25 38 39,False,4,20,0,0.3,True,15,False
9,requires_adjacent_nonconflict_pair,240,False,,1,7,3,0,2,2,0,15 25 38 39,False,4,20,0,0.3,True,15,False
9,requires_adjacent_nonconflict_pair,241,False,,1,7,0,3,2,2,0,15 25 38 39,False,4,20,0,0.3,False,12,False
9,requires_adjacent_nonconflict_pair,242,False,,1,7,3,0,2,2,0,15 25 38 39,False,4,20,0,0.3,False,15,False
9,requires_adjacent_nonconflict_pair,243,False,,1,7,0,3,2,2,0,15 25 38 39,False,4,20,0,0.3,False,12,False
9,requires_adjacent_nonconflict_pair,244,False,,2,2,1,0,2,2,0,15 25 38 39,False,4,20,0,0.3,True,15,False
9,requires_adjacent_nonconflict_pair,245,False,,3,39,2,1,2,2,0,15 25 38 39,False,4,20,0,0.3,True,15,False
9,requires_adjacent_nonconflict_pair,246,False,,2,2,0,1,2,2,0,15 25 38 39,False,4,20,0,0.3,True,14,False
9,requires_adjacent_nonconflict_pair,247,False,,1,7,3,0,2,2,0,15 25 38 39,False,4,20,0,0.3,False,14,False
9,requires_adjacent_nonconflict_pair,248,False,,2,13,0,1,2,2,0,15 25 38 39,False,4,20,0,0.3,True,11,False
9,requires_adjacent_nonconflict_pair,249,False,,2,18,2,0,2,2,0,15 25 38 39,False,4,20,0,0.3,True,13,False
9,requires_adjacent_nonconflict_pair,250,False,,1,7,0,3,2,2,0,15 25 38 39,False,4,20,0,0.3,False,12,False
9,requires_adjacent_nonconflict_pair,251,False,,1,7,3,0,2,2,0,15 25 38 39,False,4,20,0,0.3,False,15,False
9,requires_adjacent_nonconflict_pair,252,False,,3,4,3,0,2,2,0,15 25 38 39,False,4,20,0,0.3,True,12,False
9,requires_adjacent_nonconflict_pair,253,False,,1,7,0,3,2,2,0,15 25 38 39,False,4,20,0,0.3,False,12,False
9,requires_adjacent_nonconflict_pair,254,False,,2,30,0,3,2,2,0,15 25 38 39,False,4,20,0,0.3,True,15,False
9,requires_adjacent_nonconflict_pair,255,False,,1,7,3,0,2,2,0,15 25 38 39,False,4,20,0,0.3,False,13,False
9,requires_adjacent_nonconflict_pair,256,False,,1,7,0,3,2,2,0,15 25 38 39,False,4,20,0,0.3,False,10,False
9,requires_adjacent_nonconflict_pair,257,False,,1,7,3,0,2,2,0,15 25 38 39,False,4,20,0,0.3,True,13,False
9,requires_adjacent_nonconflict_pair,258,False,,1,7,0,3,2,2,0,15 25 38 39,False,4,20,0,0.3,False,10,False
9,requires_adjacent_nonconflict_pair,259,False,,1,7,3,0,2,2,0,15 25 38 39,False,4,20,0,0.3,False,13,False
9,requires_adjacent_nonconflict_pair,260,False,,3,39,1,2,2,2,0,15 25 38 39,False,4,20,0,0.3,True,10,False
9,requires_adjacent_nonconflict_pair,261,False,,3,39,2,1,2,2,0,15 25 38 39,False,4,20,0,0.3,True,11,False
9,requires_adjacent_nonconflict_pair,262,False,,3,34,0,3,2,2,0,15 25 38 39,False,4,20,0,0.3,True,10,False
9,requires_adjacent_nonconflict_pair,263,False,,1,7,0,3,2,2,0,15 25 38 39,False,4,20,0,0.3,False,9,False
9,requires_adjacent_nonconflict_pair,264,False,,1,7,3,0,2,2,0,15 25 38 39,False,4,20,0,0.3,False,12,False
9,requires_adjacent_nonconflict_pair,265,False,,1,7,0,3,2,2,0,15 25 38 39,False,4,20,0,0.3,False,9,False
9,requires_adjacent_nonconflict_pair,266,False,,1,7,3,0,2,2,0,15 25 38 39,False,4,20,0,0.3,False,12,False
9,requires_adjacent_nonconflict_pair,267,False,,1,7,0,3,2,2,0,15 25 38 39,False,4,20,0,0.3,False,9,False
9,requires_adjacent_nonconflict_pair,268,False,,2,9,2,0,2,2,0,15 25 38 39,False,4,20,0,0.3,True,12,False
9,requires_adjacent_nonconflict_pair,269,False,,2,9,0,2,2,2,0,15 25 38 39,False,4,20,0,0.3,False,11,False
9,requires_adjacent_nonconflict_pair,270,False,,1,7,3,0,2,2,0,15 25 38 39,False,4,20,0,0.3,False,12,False
9,requires_adjacent_nonconflict_pair,271,False,,1,7,0,3,2,2,0,15 25 38 39,False,4,20,0,0.3,False,9,False
9,requires_adjacent_nonconflict_pair,272,False,,1,7,3,0,2,2,0,15 25 38 39,False,4,20,0,0.3,False,12,False
9,requires_adjacent_nonconflict_pair,273,False,,1,7,0,3,2,2,0,15 25 38 39,False,4,20,0,0.3,False,9,False
9,requires_adjacent_nonconflict_pair,274,False,,1,7,3,0,2,2,0,15 25 38 39,False,4,20,0,0.3,False,12,False
9,requires_adjacent_nonconflict_pair,275,False,,2,18,0,2,2,2,0,15 25 38 39,False,4,20,0,0.3,True,9,False
9,requires_adjacent_nonconflict_pair,276,False,,2,30,3,0,2,2,0,15 25 38 39,False,4,20,0,0.3,True,10,False
9,requires_adjacent_nonconflict_pair,277,False,,1,7,0,3,2,2,0,15 25 38 39,False,4,20,0,0.3,False,12,False
9,requires_adjacent_nonconflict_pair,278,False,,3,22,1,3,2,2,0,15 25 38 39,False,4,20,0,0.3,True,15,False
9,requires_adjacent_nonconflict_pair,279,False,,1,7,3,0,2,2,0,15 25 38 39,False,4,20,0,0.3,False,13,False
9,requires_adjacent_nonconflict_pair,280,False,,1,7,0,3,2,2,0,15 25 38 39,False,4,20,0,0.3,False,10,False
9,requires_adjacent_nonconflict_pair,281,False,,1,7,3,0,2,2,0,15 25 38 39,False,4,20,0,0.3,False,13,False
9,requires_adjacent_nonconflict_pair,282,False,,2,18,2,0,2,2,0,15 25 38 39,False,4,20,0,0.3,True,10,False
9,requires_adjacent_nonconflict_pair,283,False,,1,7,0,3,2,2,0,15 25 38 39,False,4,20,0,0.3,False,9,False
9,requires_adjacent_nonconflict_pair,284,False,,2,2,1,0,2,2,0,15 25 38 39,False,4,20,0,0.3,True,12,False
9,requires_adjacent_nonconflict_pair,285,False,,3,12,3,1,2,2,0,15 25 38 39,False,4,20,0,0.3,True,12,False
9,requires_adjacent_nonconflict_pair,286,False,,2,32,1,0,2,2,0,15 25 38 39,False,4,20,0,0.3,True,11,False
9,requires_adjacent_nonconflict_pair,287,False,,1,36,1,0,2,2,0,15 25 38 39,False,4,20,0,0.3,False,11,False
9,requires_adjacent_nonconflict_pair,288,False,,1,7,3,1,2,2,0,15 25 38 39,False,4,20,0,0.3,False,13,False
9,requires_adjacent_nonconflict_pair,289,False,,1,7,1,3,2,2,0,15 25 38 39,False,4,20,0,0.3,False,11,False
9,requires_adjacent_nonconflict_pair,290,False,,2,11,1,0,2,2,0,15 25 38 39,False,4,20,0,0.3,True,13,False
9,requires_adjacent_nonconflict_pair,291,False,,1,41,2,1,2,2,0,15 25 38 39,False,4,20,0,0.3,True,13,False
9,requires_adjacent_nonconflict_pair,292,False,,2,26,3,2,2,2,0,15 25 38 39,False,4,20,0,0.3,True,12,False
9,requires_adjacent_nonconflict_pair,293,False,,2,18,0,2,2,2,0,15 25 38 39,False,4,20,0,0.3,True,12,False
9,requires_adjacent_nonconflict_pair,294,False,,1,7,3,1,2,2,0,15 25 38 39,False,4,20,0,0.3,False,12,False
9,requires_adjacent_nonconflict_pair,295,False,,3,39,1,2,2,2,0,15 25 38 39,False,4,20,0,0.3,True,10,False
9,requires_adjacent_nonconflict_pair,296,False,,1,7,1,3,2,2,0,15 25 38 39,False,4,20,0,0.3,False,11,False
9,requires_adjacent_nonconflict_pair,297,False,,1,36,0,1,2,2,0,15 25 38 39,False,4,20,0,0.3,True,13,False
9,requires_adjacent_nonconflict_pair,298,False,,3,39,2,1,2,2,0,15 25 38 39,False,4,20,0,0.3,True,12,False
9,requires_adjacent_nonconflict_pair,299,False,,1,36,1,0,2,2,0,15 25 38 39,False,4,20,0,0.3,True,11,False
9,requires_adjacent_nonconflict_pair,300,False,,3,39,1,2,2,2,0,15 25 38 39,False,4,20,0,0.3,True,12,False
9,requires_adjacent_nonconflict_pair,301,False,,3,22,3,1,2,2,0,15 25 38 39,False,4,20,0,0.3,True,13,False
9,requires_adjacent_nonconflict_pair,302,False,,1,7,3,1,2,2,0,15 25 38 39,False,4,20,0,0.3,False,15,False
9,requires_adjacent_nonconflict_pair,303,False,,1,7,1,3,2,2,0,15 25 38 39,False,4,20,0,0.3,False,13,False
9,requires_adjacent_nonconflict_pair,304,False,,5,43,2,1,2,2,0,15 25 38 39,False,4,20,0,0.3,True,15,False
9,requires_adjacent_nonconflict_pair,305,False,,1,7,3,1,2,2,0,15 25 38 39,False,4,20,0,0.3,False,14,False
9,requires_adjacent_nonconflict_pair,306,False,,1,7,1,3,2,2,0,15 25 38 39,False,4,20,0,0.3,False,12,False
9,requires_adjacent_nonconflict_pair,307,False,,1,7,3,1,2,2,0,15 25 38 39,False,4,20,0,0.3,False,14,False
9,requires_adjacent_nonconflict_pair,308,False,,1,7,1,3,2,2,0,15 25 38 39,False,4,20,0,0.3,False,12,False
9,requires_adjacent_nonconflict_pair,309,False,,1,7,3,1,2,2,0,15 25 38 39,False,4,20,0,0.3,False,14,False
9,requires_adjacent_nonconflict_pair,310,False,,5,43,1,2,2,2,0,15 25 38 39,False,4,20,0,0.3,True,12,False
9,requires_adjacent_nonconflict_pair,311,False,,1,7,1,3,2,2,0,15 25 38 39,False,4,20,0,0.3,False,13,False
9,requires_adjacent_nonconflict_pair,312,False,,4,35,3,1,2,2,0,15 25 38 39,False,4,20,0,0.3,True,15,False
9,requires_adjacent_nonconflict_pair,313,False,,1,7,3,1,2,2,0,15 25 38 39,False,4,20,0,0.3,False,16,False
9,requires_adjacent_nonconflict_pair,314,False,,1,7,1,3,2,2,0,15 25 38 39,False,4,20,0,0.3,False,14,False
9,requires_adjacent_nonconflict_pair,315,False,,1,7,3,1,2,2,0,15 25 38 39,False,4,20,0,0.3,False,16,False
9,requires_adjacent_nonconflict_pair,316,False,,1,7,1,3,2,2,0,15 25 38 39,False,4,20,0,0.3,False,14,False
9,requires_adjacent_nonconflict_pair,317,False,,1,7,3,1,2,2,0,15 25 38 39,False,4,20,0,0.3,False,16,False
9,requires_adjacent_nonconflict_pair,318,False,,3,22,1,3,2,2,0,15 25 38 39,False,4,20,0,0.3,True,14,False
9,requires_adjacent_nonconflict_pair,319,False,,1,7,1,3,2,2,0,15 25 38 39,False,4,20,0,0.3,False,12,False
9,requires_adjacent_nonconflict_pair,320,False,,1,7,3,1,2,2,0,15 25 38 39,False,4,20,0,0.3,False,14,False
9,requires_adjacent_nonconflict_pair,321,False,,1,7,1,3,2,2,0,15 25 38 39,False,4,20,0,0.3,False,12,False
9,requires_adjacent_nonconflict_pair,322,False,,4,16,2,3,2,2,0,15 25 38 39,False,4,20,0,0.3,True,14,False
9,requires_adjacent_nonconflict_pair,323,False,,1,7,3,1,2,2,0,15 25 38 39,False,4,20,0,0.3,False,13,False
9,requires_adjacent_nonconflict_pair,324,False,,1,7,1,3,2,2,0,15 25 38 39,False,4,20,0,0.3,False,11,False
9,requires_adjacent_nonconflict_pair,325,False,,1,7,3,1,2,2,0,15 25 38 39,False,4,20,0,0.3,False,13,False
9,requires_adjacent_nonconflict_pair,326,False,,1,7,1,3,2,2,0,15 25 38 39,False,4,20,0,0.3,False,11,False
9,requires_adjacent_nonconflict_pair,327,False,,1,7,3,1,2,2,0,15 25 38 39,False,4,20,0,0.3,True,13,False
9,requires_adjacent_nonconflict_pair,328,False,,5,43,2,3,2,2,0,15 25 38 39,False,4,20,0,0.3,True,11,False
9,requires_adjacent_nonconflict_pair,329,False,,1,7,1,3,2,2,0,15 25 38 39,False,4,20,0,0.3,False,10,False
9,requires_adjacent_nonconflict_pair,330,False,,3,0,0,3,2,2,0,15 25 38 39,False,4,20,0,0.3,True,12,False
9,requires_adjacent_nonconflict_pair,331,False,,1,7,3,1,2,2,0,15 25 38 39,False,4,20,0,0.3,False,11,False
9,requires_adjacent_nonconflict_pair,332,False,,1,7,1,3,2,2,0,15 25 38 39,False,4,20,0,0.3,False,9,False
9,requires_adjacent_nonconflict_pair,333,False,,1,7,3,1,2,2,0,15 25 38 39,False,4,20,0,0.3,False,11,False
9,requires_adjacent_nonconflict_pair,334,False,,1,7,1,3,2,2,0,15 25 38 39,False,4,20,0,0.3,False,9,False
9,requires_adjacent_nonconflict_pair,335,False,,1,7,3,1,2,2,0,15 25 38 39,False,4,20,0,0.3,False,11,False
9,requires_adjacent_nonconflict_pair,336,False,,2,6,3,1,2,2,0,15 25 38 39,False,4,20,0,0.3,True,9,False
9,requires_adjacent_nonconflict_pair,337,False,,1,7,1,3,2,2,0,15 25 38 39,False,4,20,0,0.3,False,10,False
9,requires_adjacent_nonconflict_pair,338,False,,1,7,3,1,2,2,0,15 25 38 39,False,4,20,0,0.3,False,9,False
9,requires_adjacent_nonconflict_pair,339,False,,1,7,1,3,2,2,0,15 25 38 39,False,4,20,0,0.3,False,10,False
9,requires_adjacent_nonconflict_pair,340,False,,1,7,3,1,2,2,0,15 25 38 39,False,4,20,0,0.3,False,9,False
9,requires_adjacent_nonconflict_pair,341,False,,3,22,3,1,2,2,0,15 25 38 39,False,4,20,0,0.3,True,10,False
9,requires_adjacent_nonconflict_pair,342,False,,2,6,1,3,2,2,0,15 25 38 39,False,4,20,0,0.3,True,12,False
9,requires_adjacent_nonconflict_pair,343,False,,1,7,1,3,2,2,0,15 25 38 39,False,4,20,0,0.3,False,11,False
9,requires_adjacent_nonconflict_pair,344,False,,5,43,3,2,2,2,0,15 25 38 39,False,4,20,0,0.3,True,13,False
9,requires_adjacent_nonconflict_pair,345,False,,4,16,3,2,2,2,0,15 25 38 39,False,4,20,0,0.3,True,14,False
9,requires_adjacent_nonconflict_pair,346,False,,1,7,3,1,2,2,0,15 25 38 39,False,4,20,0,0.3,False,15,False
9,requires_adjacent_nonconflict_pair,347,False,,1,7,1,3,2,2,0,15 25 38 39,False,4,20,0,0.3,False,13,False
9,requires_adjacent_nonconflict_pair,348,False,,1,7,3,1,2,2,0,15 25 38 39,False,4,20,0,0.3,False,15,False
9,requires_adjacent_nonconflict_pair,349,False,,4,17,0,3,2,2,0,15 25 38 39,False,4,20,0,0.3,True,13,False
9,requires_adjacent_nonconflict_pair,350,False,,1,7,1,3,2,2,0,15 25 38 39,False,4,20,0,0.3,True,12,False
9,requires_adjacent_nonconflict_pair,351,False,,1,7,3,1,2,2,0,15 25 38 39,False,4,20,0,0.3,False,14,False
9,requires_adjacent_nonconflict_pair,352,False,,1,7,1,3,2,2,0,15 25 38 39,False,4,20,0,0.3,False,12,False
9,requires_adjacent_nonconflict_pair,353,False,,2,6,3,1,2,2,0,15 25 38 39,False,4,20,0,0.3,True,14,False
9,requires_adjacent_nonconflict_pair,354,False,,1,7,3,1,2,2,0,15 25 38 39,False,4,20,0,0.3,False,12,False
9,requires_adjacent_nonconflict_pair,355,False,,1,7,1,3,2,2,0,15 25 38 39,False,4,20,0,0.3,False,13,False
9,requires_adjacent_nonconflict_pair,356,False,,1,7,3,1,2,2,0,15 25 38 39,False,4,20,0,0.3,False,12,False
9,requires_adjacent_nonconflict_pair,357,False,,1,7,1,3,2,2,0,15 25 38 39,False,4,20,0,0.3,False,13,False
9,requires_adjacent_nonconflict_pair,358,False,,3,22,1,3,2,2,0,15 25 38 39,False,4,20,0,0.3,True,12,False
9,requires_adjacent_nonconflict_pair,359,False,,2,33,1,0,2,2,0,15 25 38 39,False,4,20,0,0.3,True,10,False
9,requires_adjacent_nonconflict_pair,360,False,,1,7,3,1,2,2,0,15 25 38 39,False,4,20,0,0.3,False,9,False
9,requires_adjacent_nonconflict_pair,361,False,,2,18,2,0,2,2,0,15 25 38 39,False,4,20,0,0.3,True,10,False
9,requires_adjacent_nonconflict_pair,362,False,,1,7,1,3,2,2,0,15 25 38 39,False,4,20,0,0.3,False,10,False
9,requires_adjacent_nonconflict_pair,363,False,,5,43,2,0,2,2,0,15 25 38 39,False,4,20,0,0.3,True,9,False
9,requires_adjacent_nonconflict_pair,364,False,,5,43,0,2,2,2,0,15 25 38 39,False,4,20,0,0.3,True,8,False
9,requires_adjacent_nonconflict_pair,365,False,,1,7,3,1,2,2,0,15 25 38 39,False,4,20,0,0.3,False,9,False
9,requires_adjacent_nonconflict_pair,366,False,,4,17,3,0,2,2,0,15 25 38 39,False,4,20,0,0.3,True,10,False
9,requires_adjacent_nonconflict_pair,367,False,,2,6,1,3,2,2,0,15 25 38 39,False,4,20,0,0.3,True,11,False
9,requires_adjacent_nonconflict_pair,368,False,,1,7,1,3,2,2,0,15 25 38 39,False,4,20,0,0.3,False,10,False
9,requires_adjacent_nonconflict_pair,369,False,,3,22,3,1,2,2,0,15 25 38 39,False,4,20,0,0.3,True,12,False
9,requires_adjacent_nonconflict_pair,370,False,,3,22,1,3,2,2,0,15 25 38 39,False,4,20,0,0.3,True,14,False
9,requires_adjacent_nonconflict_pair,371,False,,1,7,3,1,2,2,0,15 25 38 39,False,4,20,0,0.3,False,12,False
9,requires_adjacent_nonconflict_pair,372,False,,1,7,1,3,2,2,0,15 25 38 39,False,4,20,0,0.3,False,10,False
9,requires_adjacent_nonconflict_pair,373,False,,2,9,2,1,2,2,0,15 25 38 39,False,4,20,0,0.3,True,12,False
9,requires_adjacent_nonconflict_pair,374,False,,2,9,1,2,2,2,0,15 25 38 39,False,4,20,0,0.3,False,10,False
9,requires_adjacent_nonconflict_pair,375,False,,1,7,3,1,2,2,0,15 25 38 39,False,4,20,0,0.3,False,12,False
9,requires_adjacent_nonconflict_pair,376,False,,2,6,3,1,2,2,0,15 25 38 39,False,4,20,0,0.3,True,10,False
9,requires_adjacent_nonconflict_pair,377,False,,4,17,0,3,2,2,0,15 25 38 39,False,4,20,0,0.3,True,11,False
9,requires_adjacent_nonconflict_pair,378,False,,2,33,0,1,2,2,0,15 25 38 39,False,4,20,0,0.3,True,10,False
9,requires_adjacent_nonconflict_pair,379,False,,5,43,2,0,2,2,0,15 25 38 39,False,4,20,0,0.3,True,11,False
9,requires_adjacent_nonconflict_pair,380,False,,1,7,1,3,2,2,0,15 25 38 39,False,4,20,0,0.3,False,10,False
9,requires_adjacent_nonconflict_pair,381,False,,1,7,3,1,2,2,0,15 25 38 39,False,4,20,0,0.3,False,9,False
9,requires_adjacent_nonconflict_pair,382,False,,1,7,1,3,2,2,0,15 25 38 39,False,4,20,0,0.3,False,10,False
9,requires_adjacent_nonconflict_pair,383,False,,4,16,2,3,2,2,0,15 25 38 39,False,4,20,0,0.3,True,9,False
9,requires_adjacent_nonconflict_pair,384,False,,1,7,3,1,2,2,0,15 25 38 39,False,4,20,0,0.3,False,9,False
9,requires_adjacent_nonconflict_pair,385,False,,3,22,3,1,2,2,0,15 25 38 39,False,4,20,0,0.3,True,10,False
9,requires_adjacent_nonconflict_pair,386,False,,1,7,1,3,2,2,0,15 25 38 39,False,4,20,0,0.3,False,12,False
9,requires_adjacent_nonconflict_pair,387,False,,1,7,3,1,2,2,0,15 25 38 39,False,4,20,0,0.3,False,11,False
9,requires_adjacent_nonconflict_pair,388,False,,1,7,1,3,2,2,0,15 25 38 39,False,4,20,0,0.3,False,12,False
9,requires_adjacent_nonconflict_pair,389,False,,1,7,3,1,2,2,0,15 25 38 39,False,4,20,0,0.3,False,11,False
9,requires_adjacent_nonconflict_pair,390,False,,1,7,1,3,2,2,0,15 25 38 39,False,4,20,0,0.3,False,12,False
9,requires_adjacent_nonconflict_pair,391,False,,3,0,3,0,2,2,0,15 25 38 39,False,4,20,0,0.3,True,11,False
9,requires_adjacent_nonconflict_pair,392,False,,3,0,0,3,2,2,0,15 25 38 39,False,4,20,0,0.3,True,12,False
9,requires_adjacent_nonconflict_pair,393,False,,1,7,3,1,2,2,0,15 25 38 39,False,4,20,0,0.3,False,11,False
9,requires_adjacent_nonconflict_pair,394,False,,2,18,0,2,2,2,0,15 25 38 39,False,4,20,0,0.3,True,12,False
9,requires_adjacent_nonconflict_pair,395,False,,1,7,1,3,2,2,0,15 25 38 39,False,4,20,0,0.3,False,12,False
9,requires_adjacent_nonconflict_pair,396,False,,1,7,3,1,2,2,0,15 25 38 39,False,4,20,0,0.3,False,11,False
9,requires_adjacent_nonconflict_pair,397,False,,2,33,1,0,2,2,0,15 25 38 39,False,4,20,0,0.3,True,12,False
9,requires_adjacent_nonconflict_pair,398,False,,3,4,0,3,2,2,0,15 25 38 39,False,4,20,0,0.3,True,11,False
9,requires_adjacent_nonconflict_pair,399,False,,1,7,1,3,2,2,0,15 25 38 39,False,4,20,0,0.3,False,12,False
9,requires_adjacent_nonconflict_pair,400,False,,1,7,3,1,2,2,0,15 25 38 39,False,4,20,0,0.3,False,11,False
9,requires_adjacent_nonconflict_pair,401,False,,1,7,1,3,2,2,0,15 25 38 39,False,4,20,0,0.3,False,12,False
9,requires_adjacent_nonconflict_pair,402,False,,1,7,3,1,2,2,0,15 25 38 39,False,4,20,0,0.3,False,11,False
9,requires_adjacent_nonconflict_pair,403,False,,1,7,1,3,2,2,0,15 25 38 39,False,4,20,0,0.3,True,12,False
9,requires_adjacent_nonconflict_pair,404,False,,1,7,3,1,2,2,0,15 25 38 39,False,4,20,0,0.3,True,11,False
9,requires_adjacent_nonconflict_pair,405,False,,1,7,1,3,2,2,0,15 25 38 39,False,4,20,0,0.3,False,12,False
9,requires_adjacent_nonconflict_pair,406,False,,2,13,1,0,2,2,0,15 25 38 39,False,4,20,0,0.3,True,11,False
9,requires_adjacent_nonconflict_pair,407,False,,2,30,0,3,2,2,0,15 25 38 39,False,4,20,0,0.3,True,9,False
9,requires_adjacent_nonconflict_pair,408,False,,1,7,3,1,2,2,0,15 25 38 39,False,4,20,0,0.3,False,10,False
9,requires_adjacent_nonconflict_pair,409,False,,1,7,1,3,2,2,0,15 25 38 39,False,4,20,0,0.3,False,11,False
9,requires_adjacent_nonconflict_pair,410,False,,1,7,3,1,2,2,0,15 25 38 39,False,4,20,0,0.3,False,10,False
9,requires_adjacent_nonconflict_pair,411,False,,1,7,1,3,2,2,0,15 25 38 39,False,4,20,0,0.3,False,11,False
9,requires_adjacent_nonconflict_pair,412,False,,1,7,3,1,2,2,0,15 25 38 39,False,4,20,0,0.3,False,10,False
9,requires_adjacent_nonconflict_pair,413,False,,5,43,0,2,2,2,0,15 25 38 39,False,4,20,0,0.3,True,11,False
9,requires_adjacent_nonconflict_pair,414,False,,1,7,1,3,2,2,0,15 25 38 39,False,4,20,0,0.3,False,12,False
9,requires_adjacent_nonconflict_pair,415,False,,1,7,3,1,2,2,0,15 25 38 39,False,4,20,0,0.3,False,11,False
9,requires_adjacent_nonconflict_pair,416,False,,1,7,1,3,2,2,0,15 25 38 39,False,4,20,0,0.3,False,12,False
9,requires_adjacent_nonconflict_pair,417,False,,2,6,1,3,2,2,0,15 25 38 39,False,4,20,0,0.3,True,11,False
9,requires_adjacent_nonconflict_pair,418,False,,4,17,3,0,2,2,0,15 25 38 39,False,4,20,0,0.3,True,13,False
9,requires_adjacent_nonconflict_pair,419,False,,1,7,3,1,2,2,0,15 25 38 39,False,4,20,0,0.3,False,12,False
9,requires_adjacent_nonconflict_pair,420,False,,1,7,1,3,2,2,0,15 25 38 39,False,4,20,0,0.3,False,10,False
9,requires_adjacent_nonconflict_pair,421,False,,2,13,0,1,2,2,0,15 25 38 39,False,4,20,0,0.3,True,12,False
9,requires_adjacent_nonconflict_pair,422,False,,1,7,3,1,2,2,0,15 25 38 39,False,4,20,0,0.3,False,15,False
9,requires_adjacent_nonconflict_pair,423,False,,1,7,1,3,2,2,0,15 25 38 39,False,4,20,0,0.3,False,13,False
9,requires_adjacent_nonconflict_pair,424,False,,1,7,3,1,2,2,0,15 25 38 39,False,4,20,0,0.3,False,15,False
9,requires_adjacent_nonconflict_pair,425,False,,2,33,0,1,2,2,0,15 25 38 39,False,4,20,0,0.3,True,13,False
9,requires_adjacent_nonconflict_pair,426,False,,1,7,1,3,2,2,0,15 25 38 39,False,4,20,0,0.3,False,14,False
9,requires_adjacent_nonconflict_pair,427,False,,2,33,1,0,2,2,0,15 25 38 39,False,4,20,0,0.3,True,16,False
9,requires_adjacent_nonconflict_pair,428,False,,1,7,3,1,2,2,0,15 25 38 39,False,4,20,0,0.3,False,15,False
9,requires_adjacent_nonconflict_pair,429,False,,3,4,3,0,2,2,0,15 25 38 39,False,4,20,0,0.3,True,13,False
9,requires_adjacent_nonconflict_pair,430,False,,1,7,1,3,2,2,0,15 25 38 39,False,4,20,0,0.3,False,9,False
9,requires_adjacent_nonconflict_pair,431,False,,1,7,3,1,2,2,0,15 25 38 39,False,4,20,0,0.3,False,11,False
9,requires_adjacent_nonconflict_pair,432,False,,2,18,2,0,2,2,0,15 25 38 39,False,4,20,0,0.3,True,9,False
9,requires_adjacent_nonconflict_pair,433,False,,5,43,2,3,2,2,0,15 25 38 39,False,4,20,0,0.3,True,9,False
9,requires_adjacent_nonconflict_pair,434,False,,1,7,1,3,2,2,0,15 25 38 39,False,4,20,0,0.3,False,8,False
9,requires_adjacent_nonconflict_pair,435,False,,1,7,3,1,2,2,0,15 25 38 39,False,4,20,0,0.3,False,10,False
9,requires_adjacent_nonconflict_pair,436,False,,3,4,0,3,2,2,0,15 25 38 39,False,4,20,0,0.3,True,8,False
9,requires_adjacent_nonconflict_pair,437,False,,1,7,1,3,2,2,0,15 25 38 39,False,4,20,0,0.3,False,12,False
9,requires_adjacent_nonconflict_pair,438,False,,1,7,3,1,2,2,0,15 25 38 39,False,4,20,0,0.3,False,14,False
9,requires_adjacent_nonconflict_pair,439,False,,2,15,2,0,2,2,0,15 25 38 39,False,4,20,0,0.3,True,12,False
9,requires_adjacent_nonconflict_pair,440,False,,2,15,0,2,2,2,0,15 25 38 39,False,4,20,0,0.3,True,11,False
9,requires_adjacent_nonconflict_pair,441,False,,1,7,1,3,2,2,0,15 25 38 39,False,4,20,0,0.3,False,12,False
9,requires_adjacent_nonconflict_pair,442,False,,2,9,2,1,2,2,0,15 25 38 39,False,4,20,0,0.3,True,14,False
9,requires_adjacent_nonconflict_pair,443,False,,2,9,1,2,2,2,0,15 25 38 39,False,4,20,0,0.3,False,12,False
9,requires_adjacent_nonconflict_pair,444,False,,1,7,3,1,2,2,0,15 25 38 39,False,4,20,0,0.3,False,14,False
9,requires_adjacent_nonconflict_pair,445,False,,1,7,1,3,2,2,0,15 25 38 39,False,4,20,0,0.3,True,12,False
9,requires_adjacent_nonconflict_pair,446,False,,1,7,3,1,2,2,0,15 25 38 39,False,4,20,0,0.3,False,14,False
9,requires_adjacent_nonconflict_pair,447,False,,1,7,1,3,2,2,0,15 25 38 39,False,4,20,0,0.3,False,12,False
9,requires_adjacent_nonconflict_pair,448,False,,1,7,3,1,2,2,0,15 25 38 39,False,4,20,0,0.3,False,14,False
9,requires_adjacent_nonconflict_pair,449,False,,1,7,1,3,2,2,0,15 25 38 39,False,4,20,0,0.3,False,12,False
9,requires_adjacent_nonconflict_pair,450,False,,1,7,3,1,2,2,0,15 25 38 39,False,4,20,0,0.3,False,14,False
9,requires_adjacent_nonconflict_pair,451,False,,1,7,1,3,2,2,0,15 25 38 39,False,4,20,0,0.3,False,12,False
9,requires_adjacent_nonconflict_pair,452,False,,2,13,1,0,2,2,0,15 25 38 39,False,4,20,0,0.3,True,14,False
9,requires_adjacent_nonconflict_pair,453,False,,1,7,3,1,2,2,0,15 25 38 39,False,4,20,0,0.3,False,11,False
9,requires_adjacent_nonconflict_pair,454,False,,1,7,1,3,2,2,0,15 25 38 39,False,4,20,0,0.3,False,9,False
9,requires_adjacent_nonconflict_pair,455,False,,1,7,3,1,2,2,0,15 25 38 39,False,4,20,0,0.3,False,11,False
9,requires_adjacent_nonconflict_pair,456,False,,1,7,1,3,2,2,0,15 25 38 39,False,4,20,0,0.3,False,9,False
9,requires_adjacent_nonconflict_pair,457,False,,1,7,3,1,2,2,0,15 25 38 39,False,4,20,0,0.3,False,11,False
9,requires_adjacent_nonconflict_pair,458,False,,1,7,1,3,2,2,0,15 25 38 39,False,4,20,0,0.3,False,9,False
9,requires_adjacent_nonconflict_pair,459,False,,2,9,2,1,2,2,0,15 25 38 39,False,4,20,0,0.3,True,11,False
9,requires_adjacent_nonconflict_pair,460,False,,2,9,1,2,2,2,0,15 25 38 39,False,4,20,0,0.3,False,9,False
9,requires_adjacent_nonconflict_pair,461,False,,1,7,3,1,2,2,0,15 25 38 39,False,4,20,0,0.3,False,11,False
9,requires_adjacent_nonconflict_pair,462,False,,1,7,1,3,2,2,0,15 25 38 39,False,4,20,0,0.3,False,9,False
9,requires_adjacent_nonconflict_pair,463,False,,1,7,3,1,2,2,0,15 25 38 39,False,4,20,0,0.3,False,11,False
9,requires_adjacent_nonconflict_pair,464,False,,1,7,1,3,2,2,0,15 25 38 39,False,4,20,0,0.3,False,9,False
9,requires_adjacent_nonconflict_pair,465,False,,1,7,3,1,2,2,0,15 25 38 39,False,4,20,0,0.3,False,11,False
9,requires_adjacent_nonconflict_pair,466,False,,3,22,1,0,2,2,0,15 25 38 39,False,4,20,0,0.3,True,9,False
9,requires_adjacent_nonconflict_pair,467,False,,1,7,1,3,2,2,0,15 25 38 39,False,4,20,0,0.3,False,10,False
9,requires_adjacent_nonconflict_pair,468,False,,1,7,3,1,2,2,0,15 25 38 39,False,4,20,0,0.3,False,12,False
9,requires_adjacent_nonconflict_pair,469,False,,1,7,1,3,2,2,0,15 25 38 39,False,4,20,0,0.3,False,10,False
9,requires_adjacent_nonconflict_pair,470,False,,1,7,3,1,2,2,0,15 25 38 39,False,4,20,0,0.3,False,12,False
9,requires_adjacent_nonconflict_pair,471,False,,3,22,0,1,2,2,0,15 25 38 39,False,4,20,0,0.3,True,10,False
9,requires_adjacent_nonconflict_pair,472,False,,1,7,1,3,2,2,0,15 25 38 39,False,4,20,0,0.3,False,9,False
9,requires_adjacent_nonconflict_pair,473,False,,1,7,3,1,2,2,0,15 25 38 39,False,4,20,0,0.3,False,11,False
9,requires_adjacent_nonconflict_pair,474,False,,1,7,1,3,2,2,0,15 25 38 39,False,4,20,0,0.3,False,9,False
9,requires_adjacent_nonconflict_pair,475,False,,1,7,3,1,2,2,0,15 25 38 39,False,4,20,0,0.3,False,11,False
9,requires_adjacent_nonconflict_pair,476,False,,1,7,1,3,2,2,0,15 25 38 39,False,4,20,0,0.3,False,9,False
9,requires_adjacent_nonconflict_pair,477,False,,1,7,3,1,2,2,0,15 25 38 39,False,4,20,0,0.3,False,11,False
9,requires_adjacent_nonconflict_pair,478,False,,2,13,0,1,2,2,0,15 25 38 39,False,4,20,0,0.3,True,9,False
9,requires_adjacent_nonconflict_pair,479,False,,1,7,1,3,2,2,0,15 25 38 39,False,4,20,0,0.3,False,12,False
9,requires_adjacent_nonconflict_pair,480,False,,1,7,3,1,2,2,0,15 25 38 39,False,4,20,0,0.3,False,14,False
9,requires_adjacent_nonconflict_pair,481,False,,1,7,1,3,2,2,0,15 25 38 39,False,4,20,0,0.3,False,12,False
9,requires_adjacent_nonconflict_pair,482,False,,1,7,3,1,2,2,0,15 25 38 39,False,4,20,0,0.3,False,14,False
9,requires_adjacent_nonconflict_pair,483,False,,1,7,1,3,2,2,0,15 25 38 39,False,4,20,0,0.3,False,12,False
9,requires_adjacent_nonconflict_pair,484,False,,1,7,3,1,2,2,0,15 25 38 39,False,4,20,0,0.3,False,14,False
9,requires_adjacent_nonconflict_pair,485,False,,1,7,1,3,2,2,0,15 25 38 39,False,4,20,0,0.3,False,12,False
9,requires_adjacent_nonconflict_pair,486,False,,1,7,3,1,2,2,0,15 25 38 39,False,4,20,0,0.3,False,14,False
9,requires_adjacent_nonconflict_pair,487,False,,2,13,1,0,2,2,0,15 25 38 39,False,4,20,0,0.3,True,12,False
9,requires_adjacent_nonconflict_pair,488,False,,1,7,1,3,2,2,0,15 25 38 39,False,4,20,0,0.3,True,9,False
9,requires_adjacent_nonconflict_pair,489,False,,1,7,3,1,2,2,0,15 25 38 39,False,4,20,0,0.3,False,11,False
9,requires_adjacent_nonconflict_pair,490,False,,1,7,1,3,2,2,0,15 25 38 39,False,4,20,0,0.3,False,9,False
9,requires_adjacent_nonconflict_pair,491,False,,2,13,0,1,2,2,0,15 25 38 39,False,4,20,0,0.3,True,11,False
9,requires_adjacent_nonconflict_pair,492,False,,1,7,3,1,2,2,0,15 25 38 39,False,4,20,0,0.3,False,14,False
9,requires_adjacent_nonconflict_pair,493,False,,1,7,1,3,2,2,0,15 25 38 39,False,4,20,0,0.3,False,12,False
9,requires_adjacent_nonconflict_pair,494,False,,1,7,3,1,2,2,0,15 25 38 39,False,4,20,0,0.3,False,14,False
9,requires_adjacent_nonconflict_pair,495,False,,2,18,0,2,2,2,0,15 25 38 39,False,4,20,0,0.3,True,12,False
9,requires_adjacent_nonconflict_pair,496,False,,1,7,1,3,2,2,0,15 25 38 39,False,4,20,0,0.3,False,12,False
9,requires_adjacent_nonconflict_pair,497,False,,1,7,3,1,2,2,0,15 25 38 39,False,4,20,0,0.3,False,14,False
9,requires_adjacent_nonconflict_pair,498,False,,1,7,1,3,2,2,0,15 25 38 39,False,4,20,0,0.3,False,12,False
9,requires_adjacent_nonconflict_pair,499,False,,3,4,3,0,2,2,0,15 25 38 39,False,4,20,0,0.3,True,14,False
10,requires_adjacent_nonconflict_pair,0,False,,0,3,1,3,7,5,-2,1 2 3 4 9 17 19 26 28 31 39,False,4,20,0,0.3,True,4,True
10,requires_adjacent_nonconflict_pair,1,False,,0,0,0,2,5,3,-2,1 2 9 17 19 26 28 39,False,4,20,0,0.3,False,2,True
10,requires_adjacent_nonconflict_pair,2,False,,0,16,0,2,3,1,-2,2 9 17 28 39,True,4,20,0,0.3,True,1,True
10,requires_adjacent_nonconflict_pair,3,False,,1,7,0,2,1,1,0,2 28,True,4,20,0,0.3,False,13,False
10,requires_adjacent_nonconflict_pair,4,False,,2,4,2,1,1,1,0,2 28,True,4,20,0,0.3,False,13,False
10,requires_adjacent_nonconflict_pair,5,False,,1,31,0,2,1,1,0,2 28,True,4,20,0,0.3,False,1,False
10,requires_adjacent_nonconflict_pair,6,False,,0,1,1,0,1,0,-1,2 28,True,4,20,0,0.3,True,1,True
